Spam,Spam,Spam,Spam,Spam,Baked Beans
Spam,Lovely Spam,Wonderful Spam
2017-12-16 08:20:00,2017-12-16 08:20:00
2017-12-16 08:32:00,2017-12-16 08:40:00
2017-12-16 09:18:00,2017-12-16 09:32:36
2017-12-16 10:47:36,2017-12-16 10:48:36
2017-12-16 11:05:36,2017-12-16 11:06:36
2017-12-16 11:31:36,2017-12-16 11:57:36
2017-12-16 12:10:36,2017-12-16 12:35:36
2017-12-16 12:55:29,2017-12-16 12:56:29
2017-12-16 13:24:08,2017-12-16 13:34:08
2017-12-16 13:39:08,2017-12-16 13:40:08
2017-12-16 14:41:08,2017-12-16 14:42:08
2017-12-16 15:58:26,2017-12-16 15:58:26
2017-12-16 16:37:26,2017-12-16 16:42:26
2017-12-16 17:03:26,2017-12-16 17:04:26
2017-12-16 17:33:26,2017-12-16 17:33:26
2017-12-16 18:29:26,2017-12-16 18:30:26
2017-12-16 18:51:26,2017-12-16 18:52:26
2017-12-16 18:58:26,2017-12-16 18:59:26
2017-12-16 19:46:42,2017-12-16 19:47:42
2017-12-16 20:07:42,2017-12-16 20:07:42
